task_name,website,level,reference_length
mind2webonline.ade4c09ad3fdb1607209750924cd232f,https://www.flightaware.com/,easy,4
mind2webonline.fb7b4f784cfde003e2548fdf4e8d6b4f,https://www.discogs.com/,medium,6
mind2webonline.824eb7bb0ef1ce40bfd49c12182d9428_110325,https://us.speedo.com/,hard,11
mind2webonline.046138801a05ddf56ad94e8672942496,https://www.flightaware.com/,medium,6
mind2webonline.48c73f3f53e2611c4a1052457c1033db,https://new.mta.info/,medium,10
mind2webonline.8f2611047de227a2ca8bda13f6e2e5fb_110325,https://www.carvana.com/,hard,17
mind2webonline.b320c68bffc1f3c7f2a8dc9d5478fb27,https://www.ign.com/,medium,6
mind2webonline.aa4b5cb7114fcc138ade82b4b9716d24,https://www.ign.com/,medium,8
mind2webonline.323bd85e3559655d89e5496b951a25e8,https://www.amtrak.com/,medium,6
mind2webonline.56f8890a837c49f7df766b9c981646f3,https://www.imdb.com/,medium,6
mind2webonline.644a856c3897665e475e0dce50bf217d,https://www.amazon.com/,medium,8
mind2webonline.62f1626ce249c31098854f8b38bdd6cf_110325,https://www.microcenter.com/,medium,7
mind2webonline.561693d6eec7bbfba3fefe9e4b26decb,https://www.marriott.com/,easy,4
mind2webonline.b7a9a6b5d451164c09bbd27b670bc2ae,https://www.uniqlo.com/,hard,11
mind2webonline.4091bdd3fa64a5b0d912bc08eaf9c824,https://new.mta.info/,easy,5
mind2webonline.79f0bd7df6e685f30f20025cc6755c0a_110325,https://www.microcenter.com/,hard,12
mind2webonline.6ebde509dca8f15c0fa1bd74f071e8d6,https://www.target.com/,hard,14
mind2webonline.34ccd15a8ea8fd3895af83f5ccf62369,https://us.megabus.com/,easy,3
mind2webonline.c698ff3fc0f6cbce39947c597ab5749b_121425,https://www.eventbrite.com/,medium,8
mind2webonline.b6d10e9bd19b4009a02dea0e98f4e1ae,https://www.foxsports.com/,easy,4
mind2webonline.d71be72aa25c3eab8eea47a0e60382e2,https://www.apple.com/,easy,4
mind2webonline.3f312ae3efc3c3e90ababe050dd4e7ae,https://www.nfl.com/,easy,4
mind2webonline.95cad96f2e43f3c0d8efad1331c77c8c,https://www.rottentomatoes.com/,easy,3
mind2webonline.bf3b311cc8dce16d3de844f4b5875dfd,https://www.apple.com/,easy,4
mind2webonline.b64f938af842f6a1b4489d0e49a785a7_121125,https://www.target.com/,hard,17
mind2webonline.5e1b8254c123c80178cc28e0afdb14f0_110325,https://ticketmaster.com/,easy,4
mind2webonline.7b182a5087347d494b48a29dbc0f1d3e,https://www.adoptapet.com/,easy,4
mind2webonline.828c2d98616a9478d5864d847d5a1b28,https://www.justice.gov/,easy,4
mind2webonline.a7a73c8fa75441fc76df9746c327bdd6,https://www.thumbtack.com/,medium,8
mind2webonline.8244409b2c82043f966cad05f9afe132,https://doctor.webmd.com/,hard,13
mind2webonline.905cb53061c33aa2d77e485fe1fca516,https://www.healthgrades.com/,hard,11
mind2webonline.3c1ffc3f494e423b3c434c79e35da8f3_110325,https://www.fandom.com/,medium,8
mind2webonline.26a0e5c21c145dd8448aa92f35bec5ea,https://www.healthgrades.com/,easy,3
mind2webonline.070c907d34a4ce71dfdbea38f9c5d4d8,https://www.healthgrades.com/,medium,7
mind2webonline.43a1ca251f11c6b0bdd0379766cc49e6,https://www.healthgrades.com/,medium,8
mind2webonline.b3f8bd9198d9d157e0848109563c4b23,https://ohiomeansjobs.ohio.gov/,hard,15
mind2webonline.20a460a8fe1971b84411c5b1e6ac4186,https://www.stubhub.com/,easy,3
mind2webonline.db1ffb5e60578597d1c3aa3c389ac7b1,https://www.google.com/shopping?udm=28,easy,5
mind2webonline.7be8cd8dba885cddd9af5320f49bc41b,https://www.bbb.org/,medium,9
mind2webonline.239a29bde438fe44fe17fe1390ef1634,https://www.healthline.com/,medium,8
mind2webonline.9f1cba613830ca1c6a58f9498c06e679_110325,https://www.remax.com/,medium,6
mind2webonline.75146b7b67388b9244e0f21a1527c022,https://www.adoptapet.com/,medium,10
mind2webonline.9c97bab9c2abfb90a426cbe9addae8d0_110325,https://www.michaels.com/,medium,9
mind2webonline.871e7771cecb989972f138ecc373107b,https://www.theweathernetwork.com/,easy,3
mind2webonline.b69eb4de621e9e265676daac44938f3f,https://www.adoptapet.com/,medium,8
mind2webonline.9bb63ad0e38d5691a618932a8b31c05a,https://www.google.com/shopping?udm=28,easy,5
mind2webonline.8ae510355d978424f490798f900bfa2c,https://www.student.com/,medium,9
mind2webonline.2fc51dd3febd447f0fdcdabca8d944ce_110325,https://www.publicstorage.com/,medium,8
mind2webonline.eb323dc584156d0eb3a2b90bb8c4b791_110325,https://www.compass.com/,hard,15
mind2webonline.354b4ddf048815f8fd4163d0d7e1aaa3,https://ohiomeansjobs.ohio.gov/,medium,6
mind2webonline.e4e097222d13a2560db6f6892612dab6,https://www.adoptapet.com/,medium,6
mind2webonline.f389398d2eeb29e5571e00439c57eb76,https://www.theweathernetwork.com/,easy,3
mind2webonline.c1d6ea6f2196d25782cc3646ff3090db,https://www.google.com/shopping?udm=28,medium,7
mind2webonline.85b284c18d7e78c9b5a9e074e7aa3b98,https://www.student.com/,medium,10
mind2webonline.c09721cc937d4dcfb391a0bc2c574b28,https://www.recreation.gov/,easy,3
mind2webonline.4c572a627b53b0f9a734ab37f21819b8,https://craigslist.org/,easy,5
mind2webonline.301f267f421b93045874726183e8f722,https://www.healthline.com/,medium,10
mind2webonline.4f903626f632586fe4728d6664947bab,https://www.justice.gov/,easy,4
mind2webonline.3ec0f6138d37fadcb989347a6088ec45,https://www.bbb.org/,easy,2
mind2webonline.2207bb4f21786690cfed20b37253fb8b,https://www.theweathernetwork.com/,easy,2
mind2webonline.7562d9b4e4829a44245aafce2e1f62db,https://www.usps.com/,medium,8
mind2webonline.bd1e3770b7181f6fce9c35e18caa9785,https://craigslist.org/,easy,3
mind2webonline.330cd04c773ac498f51afa4665461ec8,https://craigslist.org/,medium,6
mind2webonline.ec78d3a635e417bc2a80d03ca93d7165,https://www.gov.uk/,hard,16
mind2webonline.82eb3bfedd78456a0230b389f4e7a938,https://coinmarketcap.com/,easy,4
mind2webonline.e7f6cca9a8875f98fee3b711ead3a444_110325,https://www.tumblr.com/,easy,4
mind2webonline.75a1b5dcd2c28508a971d98d51fe5767,https://www.allrecipes.com/,easy,5
mind2webonline.c03ee2be3d73556ab789c0ad1cbd3451,https://www.akc.org/,hard,11
mind2webonline.05483c50cc9b04c8ac44c574758fb2bd,https://www.bbb.org/,medium,8
mind2webonline.f2be37a9a60fbc25b6b11cf622d17352_110325,https://www.akc.org/,hard,14
mind2webonline.e24662008c3be5d56f986f232fcec447,https://www.google.com/finance/,easy,4
mind2webonline.0170ca95038b05fa58d463fe627ac605,https://www.gov.uk/,hard,12
mind2webonline.b3a7da968de13bbdcaed12ffe4993df6,https://www.akc.org/,medium,9
mind2webonline.4d3157aab34b54e5f0c4b965dfe930f3,https://www.babycenter.com/,medium,8
mind2webonline.cad62d2be0c53f08a416457486b3db23,https://www.adoptapet.com/,easy,5
mind2webonline.a11ecdff735b51372d536c866011af6f,https://www.coursera.org/,easy,4
mind2webonline.7fff82864f21ddeccf4104a220892824,https://www.google.com/shopping?udm=28,medium,10
mind2webonline.50d91eabde542906937ab4c5b6f8f23a_121425,https://www.babycenter.com/,hard,13
mind2webonline.dcd26e662a616d373ddd339747c6ce5b,https://www.healthline.com/,hard,22
mind2webonline.eb2db4b769c145dbe6ba4f74f3e0de98,https://www.akc.org/,medium,10
mind2webonline.ce616721ce9aeda69890fbccb29677a6,https://www.usps.com/,medium,8
mind2webonline.9d09bc948462db032bac98968b11b008,https://www.stubhub.com/,medium,7
mind2webonline.9d090a15c214eb070d9caa8a034d03c1,https://www.student.com/,hard,14
mind2webonline.5916018d1cad999881018cac1216a692,https://www.thumbtack.com/,medium,6
mind2webonline.0059adc6b12a3822305deb68929b2de8,https://careers.walmart.com/,medium,8
mind2webonline.07bdc595306729a028ba06cc7451a80a,https://us.trip.com/,medium,7
mind2webonline.64b76158720a69e4a5c31a55d54928bf,https://www.healthline.com/,medium,10
mind2webonline.e3ab665e01e7632ce33ac1aeca14aff6,https://www.recreation.gov/,easy,3
mind2webonline.2d5a7f95f951a26838289dfd629ae850_110325,https://www.compass.com/,medium,9
mind2webonline.c181f903ec1107b850032c17cad88393,https://www.webmd.com/,medium,7
mind2webonline.84f806c7fc15576673915f195efa72df,https://www.adoptapet.com/,medium,8
mind2webonline.be9e7dca1222714571ef3d7d59d2a41c,https://weather.com/,medium,6
mind2webonline.29b7372d5a3884a2ba831af2d117af3c,https://www.google.com/finance/,easy,3
mind2webonline.5c00e9561eae94789443f405525a5869,https://www.healthline.com/,easy,5
mind2webonline.2532fd402d3c741b79894e6ff2269f53,https://www.thumbtack.com/,easy,3
mind2webonline.9829f3087ab1f9c8eba6b6dd2b831d25_112325,https://www.espn.com/,easy,5
mind2webonline.783ce6a3499fa7cf25bc12f8f0ecbbbb,https://www.mayoclinic.org/,easy,5
mind2webonline.1fc28d91d25ccd1c6ba268101326a654,https://www.google.com/finance/,easy,3
mind2webonline.a6f0434ce6aff5f9b03681241b03ad82,https://finance.yahoo.com/,easy,3
mind2webonline.415bf9da6f3db3a735ecbba3b0c76c15,https://www.akc.org/,medium,9
mind2webonline.8103786e0e5976ebf961bd062d5f39cd,https://www.mayoclinic.org/,medium,9
mind2webonline.502e864440283214e0180645015f568b_110325,https://www.recreation.gov/,medium,8
mind2webonline.7680a920359cb1a508fbddb001b98167,https://www.babycenter.com/,hard,11
mind2webonline.15be05973fba714e490cd9c884e4f072,https://ohio.gov/,medium,6
mind2webonline.3adeea7627f4343069f38adae40f73d0_110325,https://medicare.gov,medium,8
mind2webonline.4e801ba102dfaf22c7cf7a126b107609,https://www.thumbtack.com/,medium,8
mind2webonline.c8d7f2aa7eb5dd074c48c9f76f8659ad,https://www.dmv.virginia.gov/,easy,2
mind2webonline.34992feb69eb8e788faa06868b365c49,https://www.dmv.virginia.gov/,easy,5
mind2webonline.47b93b9e649eadeb8d96a6e3df715c2d,https://www.mayoclinic.org/,easy,4
mind2webonline.3443e9c3151fef19a3c3a45eb2c13640,https://www.webmd.com/,hard,12
mind2webonline.6b5be1764692d1dc8f17dc4375b2daa8,https://finance.yahoo.com/,easy,4
mind2webonline.16200f51d63f0a47a58fa17acd49e368,https://cookpad.com/,easy,3
mind2webonline.c2153fc053112e89c2f103869c4d6890,https://www.thumbtack.com/,easy,5
mind2webonline.60cbbbd58eb9d28b053aef945f464228,https://www.bbb.org/,medium,6
mind2webonline.8f80e64e44e1fada018997b2fe869683_110325,https://9gag.com/,easy,2
mind2webonline.65c4030f22fb6eb101acfee4825f1318,https://www.mayoclinic.org/,medium,8
mind2webonline.6ca20f1da01edeb49a7a42c816d8c6fe,https://www.gov.uk/,medium,8
mind2webonline.2e4e21cf1449c6894b17d571c47b77ea,https://www.adoptapet.com/,medium,8
mind2webonline.4639a54f3ab549864fd8d60b7398b1e1,https://www.adoptapet.com/,medium,10
mind2webonline.9af05e392cf3f5a8ff17aa764ba5bda6,https://www.bbb.org/,hard,16
mind2webonline.0b838cd54f826c59c71f600c56b89a11,https://www.bbb.org/,hard,11
mind2webonline.52efbab520734ef9bf7c09ba0f62cdc8,https://www.recreation.gov/,easy,2
mind2webonline.23204728192da9f73197a613d9681c18,https://www.mayoclinic.org/,easy,3
mind2webonline.a69d2934fe54fef165490a5a2d95bf38,https://cookpad.com/,medium,6
mind2webonline.e9f4dfc67e0e6aa37f05f7cc5aa7428c,https://www.healthgrades.com/,medium,9
mind2webonline.ba2a469af584f16da93ce6a7430cf7e5,https://www.coursera.org/,medium,7
mind2webonline.47e314cc452c540524ffb7cf520285a3,https://www.recreation.gov/,medium,6
mind2webonline.0a54069a0ef542e571d1fee7f39c93d5,https://www.adoptapet.com/,medium,6
mind2webonline.4e3f6a538cc1f7321cfc50260db9545d,https://www.theweathernetwork.com/,easy,2
mind2webonline.6174e5ddd40cfbdc33ee1502f40bac39,https://www.recreation.gov/,medium,6
mind2webonline.3ae28b3c440efe87dc700480b78ac608,https://www.healthgrades.com/,medium,9
mind2webonline.0632e496d37badee0350dad358f047c5,https://cookpad.com/,easy,4
mind2webonline.246d654fab7c31d9651007e39e75f74f,https://www.recreation.gov/,easy,5
mind2webonline.690d7b4a285fdb1e9dabf973bf46ae4d,https://craigslist.org/,medium,8
mind2webonline.c43a7dccf5c44f7b45a821e712dd1970,https://www.healthline.com/,medium,8
mind2webonline.d5c34bf39eb6096ae5d439325cde4d32,https://www.dmv.virginia.gov/,easy,5
mind2webonline.180ed2ec377ef3a4af9035a21522091a,https://umich.edu/,easy,5
mind2webonline.73d08420706ae205a9c5be28b6d4e80f,https://www.recreation.gov/,easy,3
mind2webonline.0a0fa834ce41b5297c6474293383759d_110325,https://www.carnival.com/,medium,8
mind2webonline.a13e4231a3d6a7000c622c56448d97ba,https://www.airbnb.com/,hard,19
mind2webonline.bb518416a786fdb9b9bbf0c78515595e,https://www.osu.edu/,easy,4
mind2webonline.b99c02965196d51e80ac7539e33f335b,https://www.berkeley.edu/,medium,9
mind2webonline.27fa3ac20745d3d35e89fae157f63069,https://www.stanford.edu/,hard,11
mind2webonline.b4aa7315e31dfcdc52baf7771be260c9,https://www.nvidia.com/,hard,11
mind2webonline.442a450e696a96085257db6297891a4d,https://www.chase.com/,hard,11
mind2webonline.9ed3827266b3b804f485859c3d00401e,https://www.chase.com/,hard,12
mind2webonline.c801d1c951f59297f526bab84fa86c6e,https://store.steampowered.com/,hard,11
mind2webonline.7c09c2c7c87cf6bb1138701eb54284ea,https://phys.org/,medium,8
mind2webonline.afcebfed28bea091d58f49ea6cb8194b,https://www.cvs.com/,hard,12
mind2webonline.64345c365f544375357c7b67917f08a0_110325,https://www.us-appliance.com/,medium,8
mind2webonline.ab6ee3b83aab6cd283320f5e01003cff,https://www.apple.com/,medium,7
mind2webonline.33bd2cdcea4fcc42a09a8a1e4e5841c6_110325,https://raisingcanes.com/,hard,20
mind2webonline.47186fac8e7c7277af01144644eb4e0b_121125,https://www.parkers.co.uk/,easy,3
mind2webonline.fa9adb815b85d259f943d81874a052e5,https://soundcloud.com/,medium,6
mind2webonline.b922508886ded315c9835457a6eb43ea,https://jobs.chronicle.com,medium,6
mind2webonline.864244b6969e0f8733b0eb1ca06cd51f,https://www.espn.com/,medium,6
mind2webonline.01abae9608f2d8752a83e08f136f720c,https://www.cboe.com/,medium,6
mind2webonline.da8f3823a827c7d3a492f383808e7912,https://www.instructure.com/,medium,6
mind2webonline.8689af4d33ce00bf2cdd8987d3bbfd86,https://www.apple.com/,medium,8
mind2webonline.78f397336b6fd1cbba0127db7a8cd502,https://www.redbull.com/,medium,8
mind2webonline.b962927dfe03bf2274a54381127ed433,https://bandcamp.com/,medium,8
mind2webonline.78baf9dbe7c3532f7d7ef4cc22a7f065_121125,https://www.statista.com/,medium,8
mind2webonline.c7c07ec10c668625a21ba64165d719bb,https://www.verizon.com/,medium,8
mind2webonline.512fd4deab099b8dc0dcfc0ec48a3c63,https://github.com/,medium,8
mind2webonline.d9d8b7d84a3f8d057e368254fe8d65e2,https://github.com/,medium,8
mind2webonline.62c8d970b3d13891f355911e5a8f4030,https://store.steampowered.com/,medium,9
mind2webonline.47bfe8a7e0e4e7efc837287b407fbe90,https://versus.com/,medium,10
mind2webonline.bb314cb80f0f8489135cbf59074d11e2,https://iclr.cc/,easy,4
mind2webonline.d730f4ff450da1bd60a836163736ef6a_110325,https://www.backcountry.com/,medium,11
mind2webonline.71f8de1834599fba443f40dbbfab8edd,https://arxiv.org/,hard,11
mind2webonline.c8c1ff115879b3afd14280beb1559b13,https://www.4shared.com/,hard,12
mind2webonline.d4fb78b7e74508cd3b33f01cf9200997,https://www.americashealthrankings.org/,hard,12
mind2webonline.0e42c3a73f2aece1f854e0ba55b7c8b0,https://www.google.com/maps/,medium,7
mind2webonline.96afb3c51146b0c2a9c55f039a5ea6d6,https://www.merriam-webster.com/,easy,5
mind2webonline.59912927c1fddee6ded8a49986896bc2,https://www.samsung.com/,hard,14
mind2webonline.e43cbc8a0bf9e999884928d11006f894_110325,https://www.airbnb.com/,hard,13
mind2webonline.1b867afecf072cb877ebfa4069263746,https://www.americashealthrankings.org/,hard,15
mind2webonline.c3a333968fc3c43d7f2688f425a0d633,https://www.porsche.com/,hard,15
mind2webonline.bb5d90e6f2fbc0ae146f7c1998c2b4a1,https://www.ted.com/,hard,15
mind2webonline.c577a14301a725e09ccd269a3e0b271e_110325,https://www.wineaccess.com/,hard,15
mind2webonline.c6c9dc6079677cef594cec2fa6b16602,https://www.ikea.com/,hard,16
mind2webonline.c39d6c245f8243993e707d54d2f4acec,https://www.leagueoflegends.com/,hard,18
mind2webonline.b2f4fde2fce122a93c7b578086cb0585,https://www.booking.com/,hard,19
mind2webonline.d02d236836924919f35f2438d9ed2374,https://www.imdb.com/,hard,22
mind2webonline.3621b099326c7aebd2e2dac6be3b52d1,https://www.nvidia.com/,easy,5
mind2webonline.f27b393bbd2082f92b566270c4b74fe6,https://www.parkers.co.uk/,medium,7
mind2webonline.ba01ea557b73f864c35ebba0dd6f3cb2,https://www.google.com/maps/,hard,14
mind2webonline.662ae0f2d3ac851dbcdd245f908277e3,https://wanderlog.com/,easy,5
mind2webonline.461ab9b0c7b20ac5f912704480979c65,https://www.nyse.com/,easy,5
mind2webonline.a96fca87a17d792644e736d1d10d3cbe,https://mega.io/,easy,5
mind2webonline.2c8ef01a92c71ba9ef2e59bb17eea2b3_110325,https://www.bhphotovideo.com/,medium,8
mind2webonline.949dc965a6c23a95663b3bc2ca2c3a8a,https://www.flightaware.com/,hard,13
mind2webonline.38203be65401943aea2179c4c680059a,https://new.mta.info/,medium,6
mind2webonline.cf757a775fa1224acfc7998489e199a8,https://www.ryanair.com/,hard,13
mind2webonline.d8e2a81fa621ce4737e5ea85671b630e_110325,https://ziprecruiter.com/,hard,12
mind2webonline.63d6866fc000fcb1f153e07604bd1395,https://us.trip.com/,medium,8
mind2webonline.199be0b54a436daee74247971fc684ee_110325,https://www.dillards.com/,hard,15
mind2webonline.c00437fd76a7a83b57f3dc4e5dbc41f8,https://www.amazon.jobs/,medium,8
mind2webonline.d1970c16271496cbbe166ecbecc0a1d8,https://macyswineshop.com/,hard,13
mind2webonline.7211af65d266402f99499053924262e9,https://www.amazon.jobs/,medium,8
mind2webonline.d9a8689393effeed75ea0866e44e1def,https://www.justice.gov/,medium,8
mind2webonline.1bc154377120ec15b18dbabdba49c741_112325,https://www.stubhub.com/,hard,12
mind2webonline.28e7574e7bd6d14f36d2988a5ef2bd23,https://ohiomeansjobs.ohio.gov/,hard,12
mind2webonline.1c3b747ae12ccee895745f82e3f2ef8a,https://www.kaggle.com/,hard,11
mind2webonline.d1807551297ac60ecaaabbd2a2ed301a_110325,https://superlawyers.com/,medium,8
mind2webonline.7abdceee212151f187ee1a1744c57606,https://www.uscis.gov/,medium,6
mind2webonline.0e5536aaad9d3462b06cf725e6ed535a,https://www.cbp.gov/,hard,11
mind2webonline.bc2ce7f206045dd2d322e5695a947219,https://smartasset.com/,medium,6
mind2webonline.7e6993f2c5cd72c44809024f0bc85dc1,https://imgur.com/,medium,8
mind2webonline.a48e2f1ee8d87eaeea56fe5e730427e6,https://www.chess.com/,medium,7
mind2webonline.dd44c665cec1e9c929a4c5f074e7844a_110325,https://spothero.com/,hard,17
mind2webonline.99daaed9a83c266341d28aa40067d376,https://boardgamegeek.com/,easy,5
mind2webonline.7072d09436972a5d5fe7476e3e9f1559,https://www.americanexpress.com/,medium,10
mind2webonline.2c20d87a046fadcb6ff07ee877bfbf37,https://www.irs.gov/,medium,8
mind2webonline.733f1d8bf79d5bc2240c5357f928ffff,https://www.tourradar.com/,medium,10
mind2webonline.f05e87c5b92d9869e08806103c1c15a1,https://www.ycombinator.com/,hard,12
mind2webonline.3ef64f34eae59c9fac7ee9a4f18b4a0c,https://www.youtube.com/,hard,16
mind2webonline.f158345f8489e0d1d91e28768c39bca1,https://azure.microsoft.com/,hard,13
mind2webonline.1ab384fb3a791edfb410213cc6b82151_110325,https://phet.colorado.edu/,hard,11
mind2webonline.1223b07536a87e0170ff87cbbebd1d3c,https://www.coolmath4kids.com/,hard,24
